_北市	/wiki/%E8%87%BA%E5%8C%97%E5%B8%82
新北市	/wiki/%E6%96%B0%E5%8C%97%E5%B8%82
桃@市	/wiki/%E6%A1%83%E5%9C%92%E5%B8%82
_中市	/wiki/%E8%87%BA%E4%B8%AD%E5%B8%82
_南市	/wiki/%E8%87%BA%E5%8D%97%E5%B8%82
高雄市	/wiki/%E9%AB%98%E9%9B%84%E5%B8%82
基隆市	/wiki/%E5%9F%BA%E9%9A%86%E5%B8%82
新竹市	/wiki/%E6%96%B0%E7%AB%B9%E5%B8%82
嘉x市	/wiki/%E5%98%89%E7%BE%A9%E5%B8%82
中正^ (_北市)	/wiki/%E4%B8%AD%E6%AD%A3%E5%8D%80_(%E8%87%BA%E5%8C%97%E5%B8%82)
大同^ (_)	/wiki/%E5%A4%A7%E5%90%8C%E5%8D%80_(%E8%87%BA%E7%81%A3)
中山^ (_北市)	/wiki/%E4%B8%AD%E5%B1%B1%E5%8D%80_(%E8%87%BA%E5%8C%97%E5%B8%82)
松山^ (_)	/wiki/%E6%9D%BE%E5%B1%B1%E5%8D%80_(%E8%87%BA%E7%81%A3)
大安^ (_北市)	/wiki/%E5%A4%A7%E5%AE%89%E5%8D%80_(%E8%87%BA%E5%8C%97%E5%B8%82)
fA^	/wiki/%E8%90%AC%E8%8F%AF%E5%8D%80
信x^ (_北市)	/wiki/%E4%BF%A1%E7%BE%A9%E5%8D%80_(%E8%87%BA%E5%8C%97%E5%B8%82)
士林^	/wiki/%E5%A3%AB%E6%9E%97%E5%8D%80
北投^	/wiki/%E5%8C%97%E6%8A%95%E5%8D%80
群^	/wiki/%E5%85%A7%E6%B9%96%E5%8D%80
南港^	/wiki/%E5%8D%97%E6%B8%AF%E5%8D%80
文山^	/wiki/%E6%96%87%E5%B1%B1%E5%8D%80
板^ (台)	/wiki/%E6%9D%BF%E6%A9%8B%E5%8D%80_(%E5%8F%B0%E7%81%A3)
新f^	/wiki/%E6%96%B0%E8%8E%8A%E5%8D%80
中和^	/wiki/%E4%B8%AD%E5%92%8C%E5%8D%80
永和^	/wiki/%E6%B0%B8%E5%92%8C%E5%8D%80
土城^	/wiki/%E5%9C%9F%E5%9F%8E%E5%8D%80
淞^	/wiki/%E6%A8%B9%E6%9E%97%E5%8D%80
三{^	/wiki/%E4%B8%89%E5%B3%BD%E5%8D%80
L歌^	/wiki/%E9%B6%AF%E6%AD%8C%E5%8D%80
三重^	/wiki/%E4%B8%89%E9%87%8D%E5%8D%80
J洲^	/wiki/%E8%98%86%E6%B4%B2%E5%8D%80
五股^	/wiki/%E4%BA%94%E8%82%A1%E5%8D%80
泰山^ (台)	/wiki/%E6%B3%B0%E5%B1%B1%E5%8D%80_(%E5%8F%B0%E7%81%A3)
林口^	/wiki/%E6%9E%97%E5%8F%A3%E5%8D%80
淡水^	/wiki/%E6%B7%A1%E6%B0%B4%E5%8D%80
金山^ (台)	/wiki/%E9%87%91%E5%B1%B1%E5%8D%80_(%E5%8F%B0%E7%81%A3)
八里^	/wiki/%E5%85%AB%E9%87%8C%E5%8D%80
f里^	/wiki/%E8%90%AC%E9%87%8C%E5%8D%80
石T^	/wiki/%E7%9F%B3%E9%96%80%E5%8D%80
三芝^	/wiki/%E4%B8%89%E8%8A%9D%E5%8D%80
瑞芳^	/wiki/%E7%91%9E%E8%8A%B3%E5%8D%80
汐止^	/wiki/%E6%B1%90%E6%AD%A2%E5%8D%80
平溪^	/wiki/%E5%B9%B3%E6%BA%AA%E5%8D%80
寮^	/wiki/%E8%B2%A2%E5%AF%AE%E5%8D%80
p溪^	/wiki/%E9%9B%99%E6%BA%AA%E5%8D%80
深坑^	/wiki/%E6%B7%B1%E5%9D%91%E5%8D%80
石碇^	/wiki/%E7%9F%B3%E7%A2%87%E5%8D%80
新店^	/wiki/%E6%96%B0%E5%BA%97%E5%8D%80
坪林^	/wiki/%E5%9D%AA%E6%9E%97%E5%8D%80
^	/wiki/%E7%83%8F%E4%BE%86%E5%8D%80
桃@^	/wiki/%E6%A1%83%E5%9C%92%E5%8D%80
中^	/wiki/%E4%B8%AD%E5%A3%A2%E5%8D%80
平^	/wiki/%E5%B9%B3%E9%8E%AE%E5%8D%80
八德^	/wiki/%E5%85%AB%E5%BE%B7%E5%8D%80
蠲^	/wiki/%E6%A5%8A%E6%A2%85%E5%8D%80
J竹^	/wiki/%E8%98%86%E7%AB%B9%E5%8D%80
大溪^	/wiki/%E5%A4%A7%E6%BA%AA%E5%8D%80
潭^ (台)	/wiki/%E9%BE%8D%E6%BD%AD%E5%8D%80_(%E5%8F%B0%E7%81%A3)
山^	/wiki/%E9%BE%9C%E5%B1%B1%E5%8D%80
大@^	/wiki/%E5%A4%A7%E5%9C%92%E5%8D%80
^音^	/wiki/%E8%A7%80%E9%9F%B3%E5%8D%80
新屋^	/wiki/%E6%96%B0%E5%B1%8B%E5%8D%80
团d^ (台)	/wiki/%E5%BE%A9%E8%88%88%E5%8D%80_(%E5%8F%B0%E7%81%A3)
中^ (_中市)	/wiki/%E4%B8%AD%E5%8D%80_(%E8%87%BA%E4%B8%AD%E5%B8%82)
|^ (_中市)	/wiki/%E6%9D%B1%E5%8D%80_(%E8%87%BA%E4%B8%AD%E5%B8%82)
南^ (_中市)	/wiki/%E5%8D%97%E5%8D%80_(%E8%87%BA%E4%B8%AD%E5%B8%82)
西^ (_中市)	/wiki/%E8%A5%BF%E5%8D%80_(%E8%87%BA%E4%B8%AD%E5%B8%82)
北^ (_中市)	/wiki/%E5%8C%97%E5%8D%80_(%E8%87%BA%E4%B8%AD%E5%B8%82)
北屯^	/wiki/%E5%8C%97%E5%B1%AF%E5%8D%80
西屯^	/wiki/%E8%A5%BF%E5%B1%AF%E5%8D%80
南屯^	/wiki/%E5%8D%97%E5%B1%AF%E5%8D%80
太平^ (_中市)	/wiki/%E5%A4%AA%E5%B9%B3%E5%8D%80_(%E8%87%BA%E4%B8%AD%E5%B8%82)
大里^	/wiki/%E5%A4%A7%E9%87%8C%E5%8D%80
F峰^	/wiki/%E9%9C%A7%E5%B3%B0%E5%8D%80
跞^	/wiki/%E7%83%8F%E6%97%A5%E5%8D%80
S原^	/wiki/%E8%B1%90%E5%8E%9F%E5%8D%80
后里^	/wiki/%E5%90%8E%E9%87%8C%E5%8D%80
石^	/wiki/%E7%9F%B3%E5%B2%A1%E5%8D%80
|^	/wiki/%E6%9D%B1%E5%8B%A2%E5%8D%80
和平^ (台)	/wiki/%E5%92%8C%E5%B9%B3%E5%8D%80_(%E5%8F%B0%E7%81%A3)
新社^	/wiki/%E6%96%B0%E7%A4%BE%E5%8D%80
潭子^	/wiki/%E6%BD%AD%E5%AD%90%E5%8D%80
神^	/wiki/%E7%A5%9E%E5%B2%A1%E5%8D%80
大雅^	/wiki/%E5%A4%A7%E9%9B%85%E5%8D%80
大肚^	/wiki/%E5%A4%A7%E8%82%9A%E5%8D%80
沙鹿^	/wiki/%E6%B2%99%E9%B9%BF%E5%8D%80
井^	/wiki/%E9%BE%8D%E4%BA%95%E5%8D%80
梧^	/wiki/%E6%A2%A7%E6%A3%B2%E5%8D%80
清水^ (_)	/wiki/%E6%B8%85%E6%B0%B4%E5%8D%80_(%E8%87%BA%E7%81%A3)
大甲^	/wiki/%E5%A4%A7%E7%94%B2%E5%8D%80
外埔^	/wiki/%E5%A4%96%E5%9F%94%E5%8D%80
大安^ (_中市)	/wiki/%E5%A4%A7%E5%AE%89%E5%8D%80_(%E8%87%BA%E4%B8%AD%E5%B8%82)
中西^ (台)	/wiki/%E4%B8%AD%E8%A5%BF%E5%8D%80_(%E5%8F%B0%E7%81%A3)
|^ (_南市)	/wiki/%E6%9D%B1%E5%8D%80_(%E8%87%BA%E5%8D%97%E5%B8%82)
南^ (_南市)	/wiki/%E5%8D%97%E5%8D%80_(%E8%87%BA%E5%8D%97%E5%B8%82)
北^ (_南市)	/wiki/%E5%8C%97%E5%8D%80_(%E8%87%BA%E5%8D%97%E5%B8%82)
安平^	/wiki/%E5%AE%89%E5%B9%B3%E5%8D%80
安南^	/wiki/%E5%AE%89%E5%8D%97%E5%8D%80
永康^	/wiki/%E6%B0%B8%E5%BA%B7%E5%8D%80
w仁^	/wiki/%E6%AD%B8%E4%BB%81%E5%8D%80
新化^	/wiki/%E6%96%B0%E5%8C%96%E5%8D%80
左^	/wiki/%E5%B7%A6%E9%8E%AE%E5%8D%80
玉井^	/wiki/%E7%8E%89%E4%BA%95%E5%8D%80
楠西^	/wiki/%E6%A5%A0%E8%A5%BF%E5%8D%80
南化^	/wiki/%E5%8D%97%E5%8C%96%E5%8D%80
仁德^	/wiki/%E4%BB%81%E5%BE%B7%E5%8D%80
PR^	/wiki/%E9%97%9C%E5%BB%9F%E5%8D%80
崎^	/wiki/%E9%BE%8D%E5%B4%8E%E5%8D%80
官田^	/wiki/%E5%AE%98%E7%94%B0%E5%8D%80
麻豆^	/wiki/%E9%BA%BB%E8%B1%86%E5%8D%80
佳里^	/wiki/%E4%BD%B3%E9%87%8C%E5%8D%80
西港^	/wiki/%E8%A5%BF%E6%B8%AF%E5%8D%80
七股^	/wiki/%E4%B8%83%E8%82%A1%E5%8D%80
④^	/wiki/%E5%B0%87%E8%BB%8D%E5%8D%80
W甲^	/wiki/%E5%AD%B8%E7%94%B2%E5%8D%80
北T^	/wiki/%E5%8C%97%E9%96%80%E5%8D%80
新I^	/wiki/%E6%96%B0%E7%87%9F%E5%8D%80
後壁^	/wiki/%E5%BE%8C%E5%A3%81%E5%8D%80
白河^	/wiki/%E7%99%BD%E6%B2%B3%E5%8D%80
|山^ (_南市)	/wiki/%E6%9D%B1%E5%B1%B1%E5%8D%80_(%E8%87%BA%E5%8D%97%E5%B8%82)
六甲^	/wiki/%E5%85%AD%E7%94%B2%E5%8D%80
下I^	/wiki/%E4%B8%8B%E7%87%9F%E5%8D%80
柳I^	/wiki/%E6%9F%B3%E7%87%9F%E5%8D%80
}水^	/wiki/%E9%B9%BD%E6%B0%B4%E5%8D%80
善化^	/wiki/%E5%96%84%E5%8C%96%E5%8D%80
大^	/wiki/%E5%A4%A7%E5%85%A7%E5%8D%80
山上^	/wiki/%E5%B1%B1%E4%B8%8A%E5%8D%80
新市^ (台)	/wiki/%E6%96%B0%E5%B8%82%E5%8D%80_(%E5%8F%B0%E7%81%A3)
安定^ (台)	/wiki/%E5%AE%89%E5%AE%9A%E5%8D%80_(%E5%8F%B0%E7%81%A3)
楠梓^	/wiki/%E6%A5%A0%E6%A2%93%E5%8D%80
左I^	/wiki/%E5%B7%A6%E7%87%9F%E5%8D%80
鼓山^	/wiki/%E9%BC%93%E5%B1%B1%E5%8D%80
三民^	/wiki/%E4%B8%89%E6%B0%91%E5%8D%80
}埕^	/wiki/%E9%B9%BD%E5%9F%95%E5%8D%80
前金^	/wiki/%E5%89%8D%E9%87%91%E5%8D%80
新d^ (高雄市)	/wiki/%E6%96%B0%E8%88%88%E5%8D%80_(%E9%AB%98%E9%9B%84%E5%B8%82)
苓雅^	/wiki/%E8%8B%93%E9%9B%85%E5%8D%80
前^	/wiki/%E5%89%8D%E9%8E%AE%E5%8D%80
旗津^	/wiki/%E6%97%97%E6%B4%A5%E5%8D%80
小港^	/wiki/%E5%B0%8F%E6%B8%AF%E5%8D%80
P山^	/wiki/%E9%B3%B3%E5%B1%B1%E5%8D%80
大寮^	/wiki/%E5%A4%A7%E5%AF%AE%E5%8D%80
B松^	/wiki/%E9%B3%A5%E6%9D%BE%E5%8D%80
林@^	/wiki/%E6%9E%97%E5%9C%92%E5%8D%80
仁武^	/wiki/%E4%BB%81%E6%AD%A6%E5%8D%80
大^	/wiki/%E5%A4%A7%E6%A8%B9%E5%8D%80
大社^	/wiki/%E5%A4%A7%E7%A4%BE%E5%8D%80
山^	/wiki/%E5%B2%A1%E5%B1%B1%E5%8D%80
路竹^	/wiki/%E8%B7%AF%E7%AB%B9%E5%8D%80
蝾^^	/wiki/%E6%A9%8B%E9%A0%AD%E5%8D%80
梓官^	/wiki/%E6%A2%93%E5%AE%98%E5%8D%80
陀^	/wiki/%E5%BD%8C%E9%99%80%E5%8D%80
永安^	/wiki/%E6%B0%B8%E5%AE%89%E5%8D%80
燕巢^	/wiki/%E7%87%95%E5%B7%A2%E5%8D%80
田寮^	/wiki/%E7%94%B0%E5%AF%AE%E5%8D%80
阿^	/wiki/%E9%98%BF%E8%93%AE%E5%8D%80
茄b^	/wiki/%E8%8C%84%E8%90%A3%E5%8D%80
湖^	/wiki/%E6%B9%96%E5%85%A7%E5%8D%80
旗山^	/wiki/%E6%97%97%E5%B1%B1%E5%8D%80
美^	/wiki/%E7%BE%8E%E6%BF%83%E5%8D%80
乳T^	/wiki/%E5%85%A7%E9%96%80%E5%8D%80
杉林^	/wiki/%E6%9D%89%E6%9E%97%E5%8D%80
甲仙^	/wiki/%E7%94%B2%E4%BB%99%E5%8D%80
六^	/wiki/%E5%85%AD%E9%BE%9C%E5%8D%80
茂林^	/wiki/%E8%8C%82%E6%9E%97%E5%8D%80
桃源^	/wiki/%E6%A1%83%E6%BA%90%E5%8D%80
那夏^	/wiki/%E9%82%A3%E7%91%AA%E5%A4%8F%E5%8D%80
仁^	/wiki/%E4%BB%81%E6%84%9B%E5%8D%80
中正^ (基隆市)	/wiki/%E4%B8%AD%E6%AD%A3%E5%8D%80_(%E5%9F%BA%E9%9A%86%E5%B8%82)
信x^ (基隆市)	/wiki/%E4%BF%A1%E7%BE%A9%E5%8D%80_(%E5%9F%BA%E9%9A%86%E5%B8%82)
中山^ (基隆市)	/wiki/%E4%B8%AD%E5%B1%B1%E5%8D%80_(%E5%9F%BA%E9%9A%86%E5%B8%82)
安^	/wiki/%E5%AE%89%E6%A8%82%E5%8D%80
暖暖^	/wiki/%E6%9A%96%E6%9A%96%E5%8D%80
七堵^	/wiki/%E4%B8%83%E5%A0%B5%E5%8D%80
|^ (新竹市)	/wiki/%E6%9D%B1%E5%8D%80_(%E6%96%B0%E7%AB%B9%E5%B8%82)
北^ (新竹市)	/wiki/%E5%8C%97%E5%8D%80_(%E6%96%B0%E7%AB%B9%E5%B8%82)
香山^	/wiki/%E9%A6%99%E5%B1%B1%E5%8D%80
|^ (嘉x市)	/wiki/%E6%9D%B1%E5%8D%80_(%E5%98%89%E7%BE%A9%E5%B8%82)
西^ (嘉x市)	/wiki/%E8%A5%BF%E5%8D%80_(%E5%98%89%E7%BE%A9%E5%B8%82)
竹北市	/wiki/%E7%AB%B9%E5%8C%97%E5%B8%82
竹|	/wiki/%E7%AB%B9%E6%9D%B1%E9%8E%AE
新埔	/wiki/%E6%96%B0%E5%9F%94%E9%8E%AE
P西 (台)	/wiki/%E9%97%9C%E8%A5%BF%E9%8E%AE_(%E5%8F%B0%E7%81%A3)
湖口l	/wiki/%E6%B9%96%E5%8F%A3%E9%84%89
新Sl (台)	/wiki/%E6%96%B0%E8%B1%90%E9%84%89_(%E5%8F%B0%E7%81%A3)
峨眉l	/wiki/%E5%B3%A8%E7%9C%89%E9%84%89
山l (台)	/wiki/%E5%AF%B6%E5%B1%B1%E9%84%89_(%E5%8F%B0%E7%81%A3)
北埔l	/wiki/%E5%8C%97%E5%9F%94%E9%84%89
芎林l	/wiki/%E8%8A%8E%E6%9E%97%E9%84%89
M山l (_)	/wiki/%E6%A9%AB%E5%B1%B1%E9%84%89_(%E8%87%BA%E7%81%A3)
尖石l	/wiki/%E5%B0%96%E7%9F%B3%E9%84%89
五峰l (台)	/wiki/%E4%BA%94%E5%B3%B0%E9%84%89_(%E5%8F%B0%E7%81%A3)
苗栗市	/wiki/%E8%8B%97%E6%A0%97%E5%B8%82
^份市	/wiki/%E9%A0%AD%E4%BB%BD%E5%B8%82
卓m	/wiki/%E5%8D%93%E8%98%AD%E9%8E%AE
竹南	/wiki/%E7%AB%B9%E5%8D%97%E9%8E%AE
後 (台)	/wiki/%E5%BE%8C%E9%BE%8D%E9%8E%AE_(%E5%8F%B0%E7%81%A3)
通霄	/wiki/%E9%80%9A%E9%9C%84%E9%8E%AE
苑e	/wiki/%E8%8B%91%E8%A3%A1%E9%8E%AE
造蜞l	/wiki/%E9%80%A0%E6%A9%8B%E9%84%89
西湖l (台)	/wiki/%E8%A5%BF%E6%B9%96%E9%84%89_(%E5%8F%B0%E7%81%A3)
^屋l	/wiki/%E9%A0%AD%E5%B1%8B%E9%84%89
公^l (_)	/wiki/%E5%85%AC%E9%A4%A8%E9%84%89_(%E8%87%BA%E7%81%A3)
~l (台)	/wiki/%E9%8A%85%E9%91%BC%E9%84%89_(%E5%8F%B0%E7%81%A3)
三xl (台)	/wiki/%E4%B8%89%E7%BE%A9%E9%84%89_(%E5%8F%B0%E7%81%A3)
大湖l (台)	/wiki/%E5%A4%A7%E6%B9%96%E9%84%89_(%E5%8F%B0%E7%81%A3)
{潭l	/wiki/%E7%8D%85%E6%BD%AD%E9%84%89
三赤l (台)	/wiki/%E4%B8%89%E7%81%A3%E9%84%89_(%E5%8F%B0%E7%81%A3)
南庄l (台)	/wiki/%E5%8D%97%E5%BA%84%E9%84%89_(%E5%8F%B0%E7%81%A3)
泰安l	/wiki/%E6%B3%B0%E5%AE%89%E9%84%89
彰化市	/wiki/%E5%BD%B0%E5%8C%96%E5%B8%82
T林市	/wiki/%E5%93%A1%E6%9E%97%E5%B8%82
和美	/wiki/%E5%92%8C%E7%BE%8E%E9%8E%AE
鹿港	/wiki/%E9%B9%BF%E6%B8%AF%E9%8E%AE
溪湖	/wiki/%E6%BA%AA%E6%B9%96%E9%8E%AE
二林	/wiki/%E4%BA%8C%E6%9E%97%E9%8E%AE
田中	/wiki/%E7%94%B0%E4%B8%AD%E9%8E%AE
北斗 (台)	/wiki/%E5%8C%97%E6%96%97%E9%8E%AE_(%E5%8F%B0%E7%81%A3)
花l	/wiki/%E8%8A%B1%E5%A3%87%E9%84%89
芬@l	/wiki/%E8%8A%AC%E5%9C%92%E9%84%89
大村l (_)	/wiki/%E5%A4%A7%E6%9D%91%E9%84%89_(%E8%87%BA%E7%81%A3)
永靖l	/wiki/%E6%B0%B8%E9%9D%96%E9%84%89
伸港l	/wiki/%E4%BC%B8%E6%B8%AF%E9%84%89
西l	/wiki/%E7%B7%9A%E8%A5%BF%E9%84%89
福dl (_)	/wiki/%E7%A6%8F%E8%88%88%E9%84%89_(%E8%87%BA%E7%81%A3)
秀水l (台)	/wiki/%E7%A7%80%E6%B0%B4%E9%84%89_(%E5%8F%B0%E7%81%A3)
埔心l	/wiki/%E5%9F%94%E5%BF%83%E9%84%89
埔}l	/wiki/%E5%9F%94%E9%B9%BD%E9%84%89
大城l	/wiki/%E5%A4%A7%E5%9F%8E%E9%84%89
芳苑l	/wiki/%E8%8A%B3%E8%8B%91%E9%84%89
竹塘l (台)	/wiki/%E7%AB%B9%E5%A1%98%E9%84%89_(%E5%8F%B0%E7%81%A3)
社^l	/wiki/%E7%A4%BE%E9%A0%AD%E9%84%89
二水l	/wiki/%E4%BA%8C%E6%B0%B4%E9%84%89
田尾l	/wiki/%E7%94%B0%E5%B0%BE%E9%84%89
埤^l	/wiki/%E5%9F%A4%E9%A0%AD%E9%84%89
溪州l	/wiki/%E6%BA%AA%E5%B7%9E%E9%84%89
南投市	/wiki/%E5%8D%97%E6%8A%95%E5%B8%82
埔里	/wiki/%E5%9F%94%E9%87%8C%E9%8E%AE
草屯	/wiki/%E8%8D%89%E5%B1%AF%E9%8E%AE
竹山 (台)	/wiki/%E7%AB%B9%E5%B1%B1%E9%8E%AE_(%E5%8F%B0%E7%81%A3)
集集	/wiki/%E9%9B%86%E9%9B%86%E9%8E%AE
名gl	/wiki/%E5%90%8D%E9%96%93%E9%84%89
鹿谷l	/wiki/%E9%B9%BF%E8%B0%B7%E9%84%89
中寮l	/wiki/%E4%B8%AD%E5%AF%AE%E9%84%89
~池l (_)	/wiki/%E9%AD%9A%E6%B1%A0%E9%84%89_(%E8%87%BA%E7%81%A3)
姓l	/wiki/%E5%9C%8B%E5%A7%93%E9%84%89
水里l	/wiki/%E6%B0%B4%E9%87%8C%E9%84%89
信xl (_)	/wiki/%E4%BF%A1%E7%BE%A9%E9%84%89_(%E8%87%BA%E7%81%A3)
仁坂l	/wiki/%E4%BB%81%E6%84%9B%E9%84%89
斗六市	/wiki/%E6%96%97%E5%85%AD%E5%B8%82
斗南	/wiki/%E6%96%97%E5%8D%97%E9%8E%AE
虎尾	/wiki/%E8%99%8E%E5%B0%BE%E9%8E%AE
西螺	/wiki/%E8%A5%BF%E8%9E%BA%E9%8E%AE
土戽	/wiki/%E5%9C%9F%E5%BA%AB%E9%8E%AE
北港 (_)	/wiki/%E5%8C%97%E6%B8%AF%E9%8E%AE_(%E8%87%BA%E7%81%A3)
林揉l	/wiki/%E6%9E%97%E5%85%A7%E9%84%89
古坑l	/wiki/%E5%8F%A4%E5%9D%91%E9%84%89
大埤l	/wiki/%E5%A4%A7%E5%9F%A4%E9%84%89
桐l	/wiki/%E8%8E%BF%E6%A1%90%E9%84%89
褒忠l	/wiki/%E8%A4%92%E5%BF%A0%E9%84%89
二l	/wiki/%E4%BA%8C%E5%B4%99%E9%84%89
背l	/wiki/%E5%B4%99%E8%83%8C%E9%84%89
寮l	/wiki/%E9%BA%A5%E5%AF%AE%E9%84%89
_西l	/wiki/%E8%87%BA%E8%A5%BF%E9%84%89
|萼l	/wiki/%E6%9D%B1%E5%8B%A2%E9%84%89
元Ll	/wiki/%E5%85%83%E9%95%B7%E9%84%89
四湖l	/wiki/%E5%9B%9B%E6%B9%96%E9%84%89
口湖l	/wiki/%E5%8F%A3%E6%B9%96%E9%84%89
水林l	/wiki/%E6%B0%B4%E6%9E%97%E9%84%89
太保市	/wiki/%E5%A4%AA%E4%BF%9D%E5%B8%82
朴子市	/wiki/%E6%9C%B4%E5%AD%90%E5%B8%82
布袋	/wiki/%E5%B8%83%E8%A2%8B%E9%8E%AE
大林 (台)	/wiki/%E5%A4%A7%E6%9E%97%E9%8E%AE_(%E5%8F%B0%E7%81%A3)
民雄l	/wiki/%E6%B0%91%E9%9B%84%E9%84%89
溪口l (台)	/wiki/%E6%BA%AA%E5%8F%A3%E9%84%89_(%E5%8F%B0%E7%81%A3)
新港l	/wiki/%E6%96%B0%E6%B8%AF%E9%84%89
六_l	/wiki/%E5%85%AD%E8%85%B3%E9%84%89
|石l (台)	/wiki/%E6%9D%B1%E7%9F%B3%E9%84%89_(%E5%8F%B0%E7%81%A3)
x竹l	/wiki/%E7%BE%A9%E7%AB%B9%E9%84%89
鹿草l	/wiki/%E9%B9%BF%E8%8D%89%E9%84%89
水上l	/wiki/%E6%B0%B4%E4%B8%8A%E9%84%89
中埔l	/wiki/%E4%B8%AD%E5%9F%94%E9%84%89
竹崎l	/wiki/%E7%AB%B9%E5%B4%8E%E9%84%89
梅山l (台)	/wiki/%E6%A2%85%E5%B1%B1%E9%84%89_(%E5%8F%B0%E7%81%A3)
番路l	/wiki/%E7%95%AA%E8%B7%AF%E9%84%89
大埔l	/wiki/%E5%A4%A7%E5%9F%94%E9%84%89
阿里山l	/wiki/%E9%98%BF%E9%87%8C%E5%B1%B1%E9%84%89
屏|市	/wiki/%E5%B1%8F%E6%9D%B1%E5%B8%82
潮州	/wiki/%E6%BD%AE%E5%B7%9E%E9%8E%AE
|港 (_)	/wiki/%E6%9D%B1%E6%B8%AF%E9%8E%AE_(%E8%87%BA%E7%81%A3)
a春	/wiki/%E6%81%86%E6%98%A5%E9%8E%AE
f丹l	/wiki/%E8%90%AC%E4%B8%B9%E9%84%89
L治l	/wiki/%E9%95%B7%E6%B2%BB%E9%84%89
麟洛l	/wiki/%E9%BA%9F%E6%B4%9B%E9%84%89
九如l	/wiki/%E4%B9%9D%E5%A6%82%E9%84%89
里港l	/wiki/%E9%87%8C%E6%B8%AF%E9%84%89
}埔l	/wiki/%E9%B9%BD%E5%9F%94%E9%84%89
高溧l	/wiki/%E9%AB%98%E6%A8%B9%E9%84%89
fnl	/wiki/%E8%90%AC%E5%B7%92%E9%84%89
绕亦l	/wiki/%E5%85%A7%E5%9F%94%E9%84%89
竹田l	/wiki/%E7%AB%B9%E7%94%B0%E9%84%89
新埤l	/wiki/%E6%96%B0%E5%9F%A4%E9%84%89
枋寮l	/wiki/%E6%9E%8B%E5%AF%AE%E9%84%89
新@l (台)	/wiki/%E6%96%B0%E5%9C%92%E9%84%89_(%E5%8F%B0%E7%81%A3)
l	/wiki/%E5%B4%81%E9%A0%82%E9%84%89
林l	/wiki/%E6%9E%97%E9%82%8A%E9%84%89
南州l	/wiki/%E5%8D%97%E5%B7%9E%E9%84%89
佳冬l	/wiki/%E4%BD%B3%E5%86%AC%E9%84%89
琉球l	/wiki/%E7%90%89%E7%90%83%E9%84%89
城l (_)	/wiki/%E8%BB%8A%E5%9F%8E%E9%84%89_(%E8%87%BA%E7%81%A3)
M州l	/wiki/%E6%BB%BF%E5%B7%9E%E9%84%89
枋山l	/wiki/%E6%9E%8B%E5%B1%B1%E9%84%89
F台l	/wiki/%E9%9C%A7%E5%8F%B0%E9%84%89
家l	/wiki/%E7%91%AA%E5%AE%B6%E9%84%89
泰武l	/wiki/%E6%B3%B0%E6%AD%A6%E9%84%89
砹xl	/wiki/%E4%BE%86%E7%BE%A9%E9%84%89
春日l	/wiki/%E6%98%A5%E6%97%A5%E9%84%89
{子l (台)	/wiki/%E7%8D%85%E5%AD%90%E9%84%89_(%E5%8F%B0%E7%81%A3)
牡丹l	/wiki/%E7%89%A1%E4%B8%B9%E9%84%89
三地Tl	/wiki/%E4%B8%89%E5%9C%B0%E9%96%80%E9%84%89
宜m市	/wiki/%E5%AE%9C%E8%98%AD%E5%B8%82
^城	/wiki/%E9%A0%AD%E5%9F%8E%E9%8E%AE
_| (_)	/wiki/%E7%BE%85%E6%9D%B1%E9%8E%AE_(%E8%87%BA%E7%81%A3)
K澳 (_)	/wiki/%E8%98%87%E6%BE%B3%E9%8E%AE_(%E8%87%BA%E7%81%A3)
礁溪l	/wiki/%E7%A4%81%E6%BA%AA%E9%84%89
l	/wiki/%E5%A3%AF%E5%9C%8D%E9%84%89
T山l	/wiki/%E5%93%A1%E5%B1%B1%E9%84%89
冬山l	/wiki/%E5%86%AC%E5%B1%B1%E9%84%89
五Yl	/wiki/%E4%BA%94%E7%B5%90%E9%84%89
三星l (台)	/wiki/%E4%B8%89%E6%98%9F%E9%84%89_(%E5%8F%B0%E7%81%A3)
大同l (台)	/wiki/%E5%A4%A7%E5%90%8C%E9%84%89_(%E5%8F%B0%E7%81%A3)
南澳l	/wiki/%E5%8D%97%E6%BE%B3%E9%84%89
花市	/wiki/%E8%8A%B1%E8%93%AE%E5%B8%82
P林 (_)	/wiki/%E9%B3%B3%E6%9E%97%E9%8E%AE_(%E8%87%BA%E7%81%A3)
玉里	/wiki/%E7%8E%89%E9%87%8C%E9%8E%AE
新城l (台)	/wiki/%E6%96%B0%E5%9F%8E%E9%84%89_(%E5%8F%B0%E7%81%A3)
吉安l	/wiki/%E5%90%89%E5%AE%89%E9%84%89
圬Sl	/wiki/%E5%A3%BD%E8%B1%90%E9%84%89
光袜l	/wiki/%E5%85%89%E5%BE%A9%E9%84%89
SIl	/wiki/%E8%B1%90%E6%BF%B1%E9%84%89
瑞穗l	/wiki/%E7%91%9E%E7%A9%97%E9%84%89
富里l	/wiki/%E5%AF%8C%E9%87%8C%E9%84%89
秀林l	/wiki/%E7%A7%80%E6%9E%97%E9%84%89
fsl	/wiki/%E8%90%AC%E6%A6%AE%E9%84%89
卓溪l	/wiki/%E5%8D%93%E6%BA%AA%E9%84%89
_|市	/wiki/%E8%87%BA%E6%9D%B1%E5%B8%82
成功	/wiki/%E6%88%90%E5%8A%9F%E9%8E%AE
P山 (台)	/wiki/%E9%97%9C%E5%B1%B1%E9%8E%AE_(%E5%8F%B0%E7%81%A3)
LIl	/wiki/%E9%95%B7%E6%BF%B1%E9%84%89
池上l	/wiki/%E6%B1%A0%E4%B8%8A%E9%84%89
|河l (_)	/wiki/%E6%9D%B1%E6%B2%B3%E9%84%89_(%E8%87%BA%E7%81%A3)
鹿野l	/wiki/%E9%B9%BF%E9%87%8E%E9%84%89
卑南l	/wiki/%E5%8D%91%E5%8D%97%E9%84%89
大武l (台)	/wiki/%E5%A4%A7%E6%AD%A6%E9%84%89_(%E5%8F%B0%E7%81%A3)
Gul	/wiki/%E7%B6%A0%E5%B3%B6%E9%84%89
太麻里l	/wiki/%E5%A4%AA%E9%BA%BB%E9%87%8C%E9%84%89
海端l	/wiki/%E6%B5%B7%E7%AB%AF%E9%84%89
延平l	/wiki/%E5%BB%B6%E5%B9%B3%E9%84%89
金峰l (台)	/wiki/%E9%87%91%E5%B3%B0%E9%84%89_(%E5%8F%B0%E7%81%A3)
_仁l	/wiki/%E9%81%94%E4%BB%81%E9%84%89
mZl	/wiki/%E8%98%AD%E5%B6%BC%E9%84%89
R公市	/wiki/%E9%A6%AC%E5%85%AC%E5%B8%82
湖西l	/wiki/%E6%B9%96%E8%A5%BF%E9%84%89
白沙l (台)	/wiki/%E7%99%BD%E6%B2%99%E9%84%89_(%E5%8F%B0%E7%81%A3)
西Zl	/wiki/%E8%A5%BF%E5%B6%BC%E9%84%89
望安l	/wiki/%E6%9C%9B%E5%AE%89%E9%84%89
七美l (_)	/wiki/%E4%B8%83%E7%BE%8E%E9%84%89_(%E8%87%BA%E7%81%A3)
金城 (金Th)	/wiki/%E9%87%91%E5%9F%8E%E9%8E%AE_(%E9%87%91%E9%96%80%E7%B8%A3)
金湖	/wiki/%E9%87%91%E6%B9%96%E9%8E%AE
金沙 (金Th)	/wiki/%E9%87%91%E6%B2%99%E9%8E%AE_(%E9%87%91%E9%96%80%E7%B8%A3)
金l	/wiki/%E9%87%91%E5%AF%A7%E9%84%89
烈Zl	/wiki/%E7%83%88%E5%B6%BC%E9%84%89
wl	/wiki/%E7%83%8F%E5%9D%B5%E9%84%89
南竿l	/wiki/%E5%8D%97%E7%AB%BF%E9%84%89
北竿l	/wiki/%E5%8C%97%E7%AB%BF%E9%84%89
莒光l	/wiki/%E8%8E%92%E5%85%89%E9%84%89
|引l	/wiki/%E6%9D%B1%E5%BC%95%E9%84%89
F_l	/wiki/%E9%9C%A7%E8%87%BA%E9%84%89
